<!-- My own test cases for EvalExpr -->
<test-case-definitions>
    <test-case>
        <id>C0001</id>
        <description>Expression with relational and logical operations.</description>
        <input><![CDATA[(1.111 >= 1.112) ? 312 : 125]]></input>
        <output>125</output>
    </test-case>
    <test-case>
        <id>C0002</id>
        <description>Predefined functions.</description>
        <input>min(cos(0.45), sin(1.25), cos(sin(cos(0.15))))</input>
        <output>0.6709</output>
    </test-case>
    <test-case>
        <id>C0003</id>
        <description>Predefined functions.</description>
        <input>cos(cos(min(142, min(cos(0.45), sin(1.25), cos(sin(cos(0.15)))), 2 + 3 ^ 2, 4 * 3.14E2)))</input>
        <output>0.7086</output>
    </test-case>
    <test-case>
        <id>C0004</id>
        <description>A simple expression.</description>
        <input>3125e-6*-8+-6*max(sin(1.2),cos(3.6),(4+2>5)?min(2,10/3-2):6)</input>
        <output>-8.025</output>
    </test-case>
    <test-case>
        <id>C0005</id>
        <description>A simple expression with min.</description>
        <input>MIN(7e3,3.14e-0)</input>
        <output>3.14</output>
    </test-case>
    <test-case>
        <id>C0006</id>
        <description>Expression with arithmetic operations.</description>
        <input> (60 + 2 *( (12 / 4) ^ 2))+1.22E+2</input>
        <output>200</output>
    </test-case>
    <test-case>
        <id>C0007</id>
        <description>Expression with arithmetic operations.</description>
        <input>2.25E+2 - (55.5 + 4 * (10 / 2) ^ 2)</input>
        <output>69.5</output>
    </test-case>
    <test-case>
        <id>C0008</id>
        <description>A simple expression.</description>
        <input>9 - 3 * 2</input>
        <output>3</output>
    </test-case>
    <test-case>
        <id>C0009</id>
        <description>Expression with arithmetic operations.</description>
        <input>2.25E+2 - (55.5 + 4 * (10 / 2) ^ 2)</input>
        <output>69.5</output>
    </test-case>
    <test-case>
        <id>C0010</id>
        <description>Expression with arithmetic operations.</description>
        <input>65 / 5 - 130e-1</input>
        <output>0.0</output>
    </test-case>
    <test-case>
        <id>C0011</id>
        <description>A simple expression.</description>
        <input>9 - 3 * 2</input>
        <output>3</output>
    </test-case>
    <test-case>
        <id>C0012</id>
        <description>Expression with arithmetic operations.</description>
        <input>2.25E+2 - (55.5 + 4 * (10 / 2) ^ 2)</input>
        <output>69.5</output>
    </test-case>
    <test-case>
        <id>C0013</id>
        <description>Expression with arithmetic operations.</description>
        <input>2.25E+2 - (55.5 + 4 * (10 / 2) ^ 2)</input>
        <output>69.5</output>
    </test-case>
    <test-case>
        <id>C0014</id>
        <description>a simple case</description>
        <input>23+(43)+5</input>
        <output>71</output>
    </test-case>
    <test-case>
        <id>C0015</id>
        <description>Expression with arithmetic operations.</description>
        <input>65 / 5 - 130e-1</input>
        <output>0.0</output>
    </test-case>
    <test-case>
        <id>C0016</id>
        <description>Expression with relational and logical operations.</description>
        <input><![CDATA[(5 > 3) & (4 < 8) ? 15 : 16]]></input>
        <output>15</output>
    </test-case>
    <test-case>
        <id>C0017</id>
        <description>Predefined functions.</description>
        <input>max(sin(0.15), cos(0.15), sin(cos(0.15)))</input>
        <output>0.98877</output>
    </test-case>
    <test-case>
        <id>C0018</id>
        <description>Predefined functions.</description>
        <input>sin(min(12, 3 * 5, 2 + 3 ^ 2, 3.14E2))</input>
        <output>-0.99999</output>
    </test-case>
    <test-case>
        <id>C0019</id>
        <description>A simple expression.</description>
        <input>1>2 ? 3 : 4</input>
        <output>4</output>
    </test-case>
    <test-case>
        <id>C0020</id>
        <description>A simple expression.</description>
        <input>1>=2 ? 3 : 4</input>
        <output>4</output>
    </test-case>
    <test-case>
        <id>C0021</id>
        <description>A simple expression.</description>
        <input>1=2 ? 3 : 4</input>
        <output>4</output>
    </test-case>
    <test-case>
        <id>C0022</id>
        <description>A simple expression.</description>
        <input><![CDATA[1< 2 ?3:4]]></input>
        <output>3</output>
    </test-case>
    <test-case>
        <id>C0023</id>
        <description>A simple expression.</description>
        <input><![CDATA[1<=2 ? 3 : 4]]></input>
        <output>3</output>
    </test-case>
    <test-case>
        <id>C0024</id>
        <description>A simple expression.</description>
        <input><![CDATA[1<>2 ? 3 : 4]]></input>
        <output>3</output>
    </test-case>
    <test-case>
        <id>C0025</id>
        <description>Expression with arithmetic operations.</description>
        <input> (60 + 2 *( (12 / 4) ^ 2))+1.22E+2</input>
        <output>200</output>
    </test-case>
    <test-case>
        <id>C0026</id>
        <description>select</description>
        <input>true?true?123:false?23:43:5</input>
        <output>123</output>
    </test-case>
    <test-case>
        <id>C0027</id>
        <description>Expression with relational and logical operations.</description>
        <input>1>2 ? 3 : 4</input>
        <output>4</output>
    </test-case>
    <test-case>
        <id>C0028</id>
        <description>Expression with relational and logical operations.</description>
        <input>1>=2 ? 3 : 4</input>
        <output>4</output>
    </test-case>
    <test-case>
        <id>C0029</id>
        <description>Expression with relational and logical operations.</description>
        <input>1=2 ? 3 : 4</input>
        <output>4</output>
    </test-case>
    <test-case>
        <id>C0030</id>
        <description>Expression with relational and logical operations.</description>
        <input><![CDATA[1< 2 ?3:4]]></input>
        <output>3</output>
    </test-case>
    <test-case>
        <id>C0031</id>
        <description>Expression with relational and logical operations.</description>
        <input><![CDATA[1<=2 ? 3 : 4]]></input>
        <output>3</output>
    </test-case>
    <test-case>
        <id>C0032</id>
        <description>Expression with relational and logical operations.</description>
        <input><![CDATA[1<>2 ? 3 : 4]]></input>
        <output>3</output>
    </test-case>
    <test-case>
        <id>C0033</id>
        <description>Expression with arithmetic operations.</description>
        <input>2.25E+2 - (55.5 + -4 * (10 / 2) ^ 2)</input>
        <output>269.5</output>
    </test-case>
    <test-case>
        <id>C0034</id>
        <description>A simple expression.</description>
        <input>-99 ---3 * 2</input>
        <output>-105</output>
    </test-case>
    <test-case>
        <id>C0035</id>
        <description>Expression with arithmetic operations.</description>
        <input>51.3E+2 - (123 ^2)</input>
        <output>-9999</output>
    </test-case>
    <test-case>
        <id>C0036</id>
        <description>Expression with arithmetic operations.</description>
        <input>673 / 54 - 273e-10</input>
        <output>12.463</output>
    </test-case>
    <test-case>
        <id>C0037</id>
        <description>A simple expression.</description>
        <input>1292313 ---32142 * 2124</input>
        <output>-66977295</output>
    </test-case>
    <test-case>
        <id>C0038</id>
        <description>Expression with arithmetic operations.</description>
        <input>1.23214E+20 - (213152541.5 + 42144 * (31410 / 2411445) ^ 6)</input>
        <output>123213999999786840000</output>
    </test-case>
    <test-case>
        <id>E0039</id>
        <description>LowerAndLargerTest</description>
        <input>MiN(1,sIN(cOs(3.1415936)) )>= 0e1?(MAx(3,5,1E2)):(2.00)</input>
        <output>2</output>
    </test-case>
    <test-case>
        <id>E0040</id>
        <description>SyntacticException.</description>
        <input>SIN-2)</input>
        <exception>FunctionCallException</exception>
    </test-case>
</test-case-definitions>
